,type,color,age,gender,image
0,Shirt,yellow,10,male,1.jpg
1,Shirt,yellow,10,male,2.jpg
2,Shirt,yellow,10,male,3.jpg
3,Shirt,yellow,10,female,4.jpg
4,Shirt,yellow,10,female,5.jpg
5,Shirt,yellow,10,female,6.jpg
6,Shirt,yellow,20,male,7.jpg
7,Shirt,yellow,20,male,8.jpg
8,Shirt,yellow,20,male,9.jpg
9,Shirt,yellow,20,female,10.jpg
10,Shirt,yellow,20,female,11.jpg
11,Shirt,yellow,20,female,12.jpg
12,Shirt,yellow,30,male,13.jpg
13,Shirt,yellow,30,male,14.jpg
14,Shirt,yellow,30,male,15.jpg
15,Shirt,yellow,30,female,16.jpg
16,Shirt,yellow,30,female,17.jpg
17,Shirt,yellow,30,female,18.jpg
18,Shirt,yellow,40,male,19.jpg
19,Shirt,yellow,40,male,20.jpg
20,Shirt,yellow,40,male,21.jpg
21,Shirt,yellow,40,female,22.jpg
22,Shirt,yellow,40,female,23.jpg
23,Shirt,yellow,40,female,24.jpg
24,Shirt,yellow,50,male,25.jpg
25,Shirt,yellow,50,male,26.jpg
26,Shirt,yellow,50,male,27.jpg
27,Shirt,yellow,50,female,28.jpg
28,Shirt,yellow,50,female,29.jpg
29,Shirt,yellow,50,female,30.jpg
30,Shirt,red,10,male,31.jpg
31,Shirt,red,10,male,32.jpg
32,Shirt,red,10,male,33.jpg
33,Shirt,red,10,female,34.jpg
34,Shirt,red,10,female,35.jpg
35,Shirt,red,10,female,36.jpg
36,Shirt,red,20,male,37.jpg
37,Shirt,red,20,male,38.jpg
38,Shirt,red,20,male,39.jpg
39,Shirt,red,20,female,40.jpg
40,Shirt,red,20,female,41.jpg
41,Shirt,red,20,female,42.jpg
42,Shirt,red,30,male,43.jpg
43,Shirt,red,30,male,44.jpg
44,Shirt,red,30,male,45.jpg
45,Shirt,red,30,female,46.jpg
46,Shirt,red,30,female,47.jpg
47,Shirt,red,30,female,48.jpg
48,Shirt,red,40,male,49.jpg
49,Shirt,red,40,male,50.jpg
50,Shirt,red,40,male,51.jpg
51,Shirt,red,40,female,52.jpg
52,Shirt,red,40,female,53.jpg
53,Shirt,red,40,female,54.jpg
54,Shirt,red,50,male,55.jpg
55,Shirt,red,50,male,56.jpg
56,Shirt,red,50,male,57.jpg
57,Shirt,red,50,female,58.jpg
58,Shirt,red,50,female,59.jpg
59,Shirt,red,50,female,60.jpg
60,Shirt,green,10,male,61.jpg
61,Shirt,green,10,male,62.jpg
62,Shirt,green,10,male,63.jpg
63,Shirt,green,10,female,64.jpg
64,Shirt,green,10,female,65.jpg
65,Shirt,green,10,female,66.jpg
66,Shirt,green,20,male,67.jpg
67,Shirt,green,20,male,68.jpg
68,Shirt,green,20,male,69.jpg
69,Shirt,green,20,female,70.jpg
70,Shirt,green,20,female,71.jpg
71,Shirt,green,20,female,72.jpg
72,Shirt,green,30,male,73.jpg
73,Shirt,green,30,male,74.jpg
74,Shirt,green,30,male,75.jpg
75,Shirt,green,30,female,76.jpg
76,Shirt,green,30,female,77.jpg
77,Shirt,green,30,female,78.jpg
78,Shirt,green,40,male,79.jpg
79,Shirt,green,40,male,80.jpg
80,Shirt,green,40,male,81.jpg
81,Shirt,green,40,female,82.jpg
82,Shirt,green,40,female,83.jpg
83,Shirt,green,40,female,84.jpg
84,Shirt,green,50,male,85.jpg
85,Shirt,green,50,male,86.jpg
86,Shirt,green,50,male,87.jpg
87,Shirt,green,50,female,88.jpg
88,Shirt,green,50,female,89.jpg
89,Shirt,green,50,female,90.jpg
90,Shirt,black,10,male,91.jpg
91,Shirt,black,10,male,92.jpg
92,Shirt,black,10,male,93.jpg
93,Shirt,black,10,female,94.jpg
94,Shirt,black,10,female,95.jpg
95,Shirt,black,10,female,96.jpg
96,Shirt,black,20,male,97.jpg
97,Shirt,black,20,male,98.jpg
98,Shirt,black,20,male,99.jpg
99,Shirt,black,20,female,100.jpg
100,Shirt,black,20,female,101.jpg
101,Shirt,black,20,female,102.jpg
102,Shirt,black,30,male,103.jpg
103,Shirt,black,30,male,104.jpg
104,Shirt,black,30,male,105.jpg
105,Shirt,black,30,female,106.jpg
106,Shirt,black,30,female,107.jpg
107,Shirt,black,30,female,108.jpg
108,Shirt,black,40,male,109.jpg
109,Shirt,black,40,male,110.jpg
110,Shirt,black,40,male,111.jpg
111,Shirt,black,40,female,112.jpg
112,Shirt,black,40,female,113.jpg
113,Shirt,black,40,female,114.jpg
114,Shirt,black,50,male,115.jpg
115,Shirt,black,50,male,116.jpg
116,Shirt,black,50,male,117.jpg
117,Shirt,black,50,female,118.jpg
118,Shirt,black,50,female,119.jpg
119,Shirt,black,50,female,120.jpg
120,Shirt,white,10,male,121.jpg
121,Shirt,white,10,male,122.jpg
122,Shirt,white,10,male,123.jpg
123,Shirt,white,10,female,124.jpg
124,Shirt,white,10,female,125.jpg
125,Shirt,white,10,female,126.jpg
126,Shirt,white,20,male,127.jpg
127,Shirt,white,20,male,128.jpg
128,Shirt,white,20,male,129.jpg
129,Shirt,white,20,female,130.jpg
130,Shirt,white,20,female,131.jpg
131,Shirt,white,20,female,132.jpg
132,Shirt,white,30,male,133.jpg
133,Shirt,white,30,male,134.jpg
134,Shirt,white,30,male,135.jpg
135,Shirt,white,30,female,136.jpg
136,Shirt,white,30,female,137.jpg
137,Shirt,white,30,female,138.jpg
138,Shirt,white,40,male,139.jpg
139,Shirt,white,40,male,140.jpg
140,Shirt,white,40,male,141.jpg
141,Shirt,white,40,female,142.jpg
142,Shirt,white,40,female,143.jpg
143,Shirt,white,40,female,144.jpg
144,Shirt,white,50,male,145.jpg
145,Shirt,white,50,male,146.jpg
146,Shirt,white,50,male,147.jpg
147,Shirt,white,50,female,148.jpg
148,Shirt,white,50,female,149.jpg
149,Shirt,white,50,female,150.jpg
150,Shirt,blue,10,male,151.jpg
151,Shirt,blue,10,male,152.jpg
152,Shirt,blue,10,male,153.jpg
153,Shirt,blue,10,female,154.jpg
154,Shirt,blue,10,female,155.jpg
155,Shirt,blue,10,female,156.jpg
156,Shirt,blue,20,male,157.jpg
157,Shirt,blue,20,male,158.jpg
158,Shirt,blue,20,male,159.jpg
159,Shirt,blue,20,female,160.jpg
160,Shirt,blue,20,female,161.jpg
161,Shirt,blue,20,female,162.jpg
162,Shirt,blue,30,male,163.jpg
163,Shirt,blue,30,male,164.jpg
164,Shirt,blue,30,male,165.jpg
165,Shirt,blue,30,female,166.jpg
166,Shirt,blue,30,female,167.jpg
167,Shirt,blue,30,female,168.jpg
168,Shirt,blue,40,male,169.jpg
169,Shirt,blue,40,male,170.jpg
170,Shirt,blue,40,male,171.jpg
171,Shirt,blue,40,female,172.jpg
172,Shirt,blue,40,female,173.jpg
173,Shirt,blue,40,female,174.jpg
174,Shirt,blue,50,male,175.jpg
175,Shirt,blue,50,male,176.jpg
176,Shirt,blue,50,male,177.jpg
177,Shirt,blue,50,female,178.jpg
178,Shirt,blue,50,female,179.jpg
179,Shirt,blue,50,female,180.jpg
180,T-shirt,yellow,10,male,181.jpg
181,T-shirt,yellow,10,male,182.jpg
182,T-shirt,yellow,10,male,183.jpg
183,T-shirt,yellow,10,female,184.jpg
184,T-shirt,yellow,10,female,185.jpg
185,T-shirt,yellow,10,female,186.jpg
186,T-shirt,yellow,20,male,187.jpg
187,T-shirt,yellow,20,male,188.jpg
188,T-shirt,yellow,20,male,189.jpg
189,T-shirt,yellow,20,female,190.jpg
190,T-shirt,yellow,20,female,191.jpg
191,T-shirt,yellow,20,female,192.jpg
192,T-shirt,yellow,30,male,193.jpg
193,T-shirt,yellow,30,male,194.jpg
194,T-shirt,yellow,30,male,195.jpg
195,T-shirt,yellow,30,female,196.jpg
196,T-shirt,yellow,30,female,197.jpg
197,T-shirt,yellow,30,female,198.jpg
198,T-shirt,yellow,40,male,199.jpg
199,T-shirt,yellow,40,male,200.jpg
200,T-shirt,yellow,40,male,201.jpg
201,T-shirt,yellow,40,female,202.jpg
202,T-shirt,yellow,40,female,203.jpg
203,T-shirt,yellow,40,female,204.jpg
204,T-shirt,yellow,50,male,205.jpg
205,T-shirt,yellow,50,male,206.jpg
206,T-shirt,yellow,50,male,207.jpg
207,T-shirt,yellow,50,female,208.jpg
208,T-shirt,yellow,50,female,209.jpg
209,T-shirt,yellow,50,female,210.jpg
210,T-shirt,red,10,male,211.jpg
211,T-shirt,red,10,male,212.jpg
212,T-shirt,red,10,male,213.jpg
213,T-shirt,red,10,female,214.jpg
214,T-shirt,red,10,female,215.jpg
215,T-shirt,red,10,female,216.jpg
216,T-shirt,red,20,male,217.jpg
217,T-shirt,red,20,male,218.jpg
218,T-shirt,red,20,male,219.jpg
219,T-shirt,red,20,female,220.jpg
220,T-shirt,red,20,female,221.jpg
221,T-shirt,red,20,female,222.jpg
222,T-shirt,red,30,male,223.jpg
223,T-shirt,red,30,male,224.jpg
224,T-shirt,red,30,male,225.jpg
225,T-shirt,red,30,female,226.jpg
226,T-shirt,red,30,female,227.jpg
227,T-shirt,red,30,female,228.jpg
228,T-shirt,red,40,male,229.jpg
229,T-shirt,red,40,male,230.jpg
230,T-shirt,red,40,male,231.jpg
231,T-shirt,red,40,female,232.jpg
232,T-shirt,red,40,female,233.jpg
233,T-shirt,red,40,female,234.jpg
234,T-shirt,red,50,male,235.jpg
235,T-shirt,red,50,male,236.jpg
236,T-shirt,red,50,male,237.jpg
237,T-shirt,red,50,female,238.jpg
238,T-shirt,red,50,female,239.jpg
239,T-shirt,red,50,female,240.jpg
240,T-shirt,green,10,male,241.jpg
241,T-shirt,green,10,male,242.jpg
242,T-shirt,green,10,male,243.jpg
243,T-shirt,green,10,female,244.jpg
244,T-shirt,green,10,female,245.jpg
245,T-shirt,green,10,female,246.jpg
246,T-shirt,green,20,male,247.jpg
247,T-shirt,green,20,male,248.jpg
248,T-shirt,green,20,male,249.jpg
249,T-shirt,green,20,female,250.jpg
250,T-shirt,green,20,female,251.jpg
251,T-shirt,green,20,female,252.jpg
252,T-shirt,green,30,male,253.jpg
253,T-shirt,green,30,male,254.jpg
254,T-shirt,green,30,male,255.jpg
255,T-shirt,green,30,female,256.jpg
256,T-shirt,green,30,female,257.jpg
257,T-shirt,green,30,female,258.jpg
258,T-shirt,green,40,male,259.jpg
259,T-shirt,green,40,male,260.jpg
260,T-shirt,green,40,male,261.jpg
261,T-shirt,green,40,female,262.jpg
262,T-shirt,green,40,female,263.jpg
263,T-shirt,green,40,female,264.jpg
264,T-shirt,green,50,male,265.jpg
265,T-shirt,green,50,male,266.jpg
266,T-shirt,green,50,male,267.jpg
267,T-shirt,green,50,female,268.jpg
268,T-shirt,green,50,female,269.jpg
269,T-shirt,green,50,female,270.jpg
270,T-shirt,black,10,male,271.jpg
271,T-shirt,black,10,male,272.jpg
272,T-shirt,black,10,male,273.jpg
273,T-shirt,black,10,female,274.jpg
274,T-shirt,black,10,female,275.jpg
275,T-shirt,black,10,female,276.jpg
276,T-shirt,black,20,male,277.jpg
277,T-shirt,black,20,male,278.jpg
278,T-shirt,black,20,male,279.jpg
279,T-shirt,black,20,female,280.jpg
280,T-shirt,black,20,female,281.jpg
281,T-shirt,black,20,female,282.jpg
282,T-shirt,black,30,male,283.jpg
283,T-shirt,black,30,male,284.jpg
284,T-shirt,black,30,male,285.jpg
285,T-shirt,black,30,female,286.jpg
286,T-shirt,black,30,female,287.jpg
287,T-shirt,black,30,female,288.jpg
288,T-shirt,black,40,male,289.jpg
289,T-shirt,black,40,male,290.jpg
290,T-shirt,black,40,male,291.jpg
291,T-shirt,black,40,female,292.jpg
292,T-shirt,black,40,female,293.jpg
293,T-shirt,black,40,female,294.jpg
294,T-shirt,black,50,male,295.jpg
295,T-shirt,black,50,male,296.jpg
296,T-shirt,black,50,male,297.jpg
297,T-shirt,black,50,female,298.jpg
298,T-shirt,black,50,female,299.jpg
299,T-shirt,black,50,female,300.jpg
300,T-shirt,white,10,male,301.jpg
301,T-shirt,white,10,male,302.jpg
302,T-shirt,white,10,male,303.jpg
303,T-shirt,white,10,female,304.jpg
304,T-shirt,white,10,female,305.jpg
305,T-shirt,white,10,female,306.jpg
306,T-shirt,white,20,male,307.jpg
307,T-shirt,white,20,male,308.jpg
308,T-shirt,white,20,male,309.jpg
309,T-shirt,white,20,female,310.jpg
310,T-shirt,white,20,female,311.jpg
311,T-shirt,white,20,female,312.jpg
312,T-shirt,white,30,male,313.jpg
313,T-shirt,white,30,male,314.jpg
314,T-shirt,white,30,male,315.jpg
315,T-shirt,white,30,female,316.jpg
316,T-shirt,white,30,female,317.jpg
317,T-shirt,white,30,female,318.jpg
318,T-shirt,white,40,male,319.jpg
319,T-shirt,white,40,male,320.jpg
320,T-shirt,white,40,male,321.jpg
321,T-shirt,white,40,female,322.jpg
322,T-shirt,white,40,female,323.jpg
323,T-shirt,white,40,female,324.jpg
324,T-shirt,white,50,male,325.jpg
325,T-shirt,white,50,male,326.jpg
326,T-shirt,white,50,male,327.jpg
327,T-shirt,white,50,female,328.jpg
328,T-shirt,white,50,female,329.jpg
329,T-shirt,white,50,female,330.jpg
330,T-shirt,blue,10,male,331.jpg
331,T-shirt,blue,10,male,332.jpg
332,T-shirt,blue,10,male,333.jpg
333,T-shirt,blue,10,female,334.jpg
334,T-shirt,blue,10,female,335.jpg
335,T-shirt,blue,10,female,336.jpg
336,T-shirt,blue,20,male,337.jpg
337,T-shirt,blue,20,male,338.jpg
338,T-shirt,blue,20,male,339.jpg
339,T-shirt,blue,20,female,340.jpg
340,T-shirt,blue,20,female,341.jpg
341,T-shirt,blue,20,female,342.jpg
342,T-shirt,blue,30,male,343.jpg
343,T-shirt,blue,30,male,344.jpg
344,T-shirt,blue,30,male,345.jpg
345,T-shirt,blue,30,female,346.jpg
346,T-shirt,blue,30,female,347.jpg
347,T-shirt,blue,30,female,348.jpg
348,T-shirt,blue,40,male,349.jpg
349,T-shirt,blue,40,male,350.jpg
350,T-shirt,blue,40,male,351.jpg
351,T-shirt,blue,40,female,352.jpg
352,T-shirt,blue,40,female,353.jpg
353,T-shirt,blue,40,female,354.jpg
354,T-shirt,blue,50,male,355.jpg
355,T-shirt,blue,50,male,356.jpg
356,T-shirt,blue,50,male,357.jpg
357,T-shirt,blue,50,female,358.jpg
358,T-shirt,blue,50,female,359.jpg
359,T-shirt,blue,50,female,360.jpg
360,Suit,yellow,10,male,361.jpg
361,Suit,yellow,10,male,362.jpg
362,Suit,yellow,10,male,363.jpg
363,Suit,yellow,10,female,364.jpg
364,Suit,yellow,10,female,365.jpg
365,Suit,yellow,10,female,366.jpg
366,Suit,yellow,20,male,367.jpg
367,Suit,yellow,20,male,368.jpg
368,Suit,yellow,20,male,369.jpg
369,Suit,yellow,20,female,370.jpg
370,Suit,yellow,20,female,371.jpg
371,Suit,yellow,20,female,372.jpg
372,Suit,yellow,30,male,373.jpg
373,Suit,yellow,30,male,374.jpg
374,Suit,yellow,30,male,375.jpg
375,Suit,yellow,30,female,376.jpg
376,Suit,yellow,30,female,377.jpg
377,Suit,yellow,30,female,378.jpg
378,Suit,yellow,40,male,379.jpg
379,Suit,yellow,40,male,380.jpg
380,Suit,yellow,40,male,381.jpg
381,Suit,yellow,40,female,382.jpg
382,Suit,yellow,40,female,383.jpg
383,Suit,yellow,40,female,384.jpg
384,Suit,yellow,50,male,385.jpg
385,Suit,yellow,50,male,386.jpg
386,Suit,yellow,50,male,387.jpg
387,Suit,yellow,50,female,388.jpg
388,Suit,yellow,50,female,389.jpg
389,Suit,yellow,50,female,390.jpg
390,Suit,red,10,male,391.jpg
391,Suit,red,10,male,392.jpg
392,Suit,red,10,male,393.jpg
393,Suit,red,10,female,394.jpg
394,Suit,red,10,female,395.jpg
395,Suit,red,10,female,396.jpg
396,Suit,red,20,male,397.jpg
397,Suit,red,20,male,398.jpg
398,Suit,red,20,male,399.jpg
399,Suit,red,20,female,400.jpg
400,Suit,red,20,female,401.jpg
401,Suit,red,20,female,402.jpg
402,Suit,red,30,male,403.jpg
403,Suit,red,30,male,404.jpg
404,Suit,red,30,male,405.jpg
405,Suit,red,30,female,406.jpg
406,Suit,red,30,female,407.jpg
407,Suit,red,30,female,408.jpg
408,Suit,red,40,male,409.jpg
409,Suit,red,40,male,410.jpg
410,Suit,red,40,male,411.jpg
411,Suit,red,40,female,412.jpg
412,Suit,red,40,female,413.jpg
413,Suit,red,40,female,414.jpg
414,Suit,red,50,male,415.jpg
415,Suit,red,50,male,416.jpg
416,Suit,red,50,male,417.jpg
417,Suit,red,50,female,418.jpg
418,Suit,red,50,female,419.jpg
419,Suit,red,50,female,420.jpg
420,Suit,green,10,male,421.jpg
421,Suit,green,10,male,422.jpg
422,Suit,green,10,male,423.jpg
423,Suit,green,10,female,424.jpg
424,Suit,green,10,female,425.jpg
425,Suit,green,10,female,426.jpg
426,Suit,green,20,male,427.jpg
427,Suit,green,20,male,428.jpg
428,Suit,green,20,male,429.jpg
429,Suit,green,20,female,430.jpg
430,Suit,green,20,female,431.jpg
431,Suit,green,20,female,432.jpg
432,Suit,green,30,male,433.jpg
433,Suit,green,30,male,434.jpg
434,Suit,green,30,male,435.jpg
435,Suit,green,30,female,436.jpg
436,Suit,green,30,female,437.jpg
437,Suit,green,30,female,438.jpg
438,Suit,green,40,male,439.jpg
439,Suit,green,40,male,440.jpg
440,Suit,green,40,male,441.jpg
441,Suit,green,40,female,442.jpg
442,Suit,green,40,female,443.jpg
443,Suit,green,40,female,444.jpg
444,Suit,green,50,male,445.jpg
445,Suit,green,50,male,446.jpg
446,Suit,green,50,male,447.jpg
447,Suit,green,50,female,448.jpg
448,Suit,green,50,female,449.jpg
449,Suit,green,50,female,450.jpg
450,Suit,black,10,male,451.jpg
451,Suit,black,10,male,452.jpg
452,Suit,black,10,male,453.jpg
453,Suit,black,10,female,454.jpg
454,Suit,black,10,female,455.jpg
455,Suit,black,10,female,456.jpg
456,Suit,black,20,male,457.jpg
457,Suit,black,20,male,458.jpg
458,Suit,black,20,male,459.jpg
459,Suit,black,20,female,460.jpg
460,Suit,black,20,female,461.jpg
461,Suit,black,20,female,462.jpg
462,Suit,black,30,male,463.jpg
463,Suit,black,30,male,464.jpg
464,Suit,black,30,male,465.jpg
465,Suit,black,30,female,466.jpg
466,Suit,black,30,female,467.jpg
467,Suit,black,30,female,468.jpg
468,Suit,black,40,male,469.jpg
469,Suit,black,40,male,470.jpg
470,Suit,black,40,male,471.jpg
471,Suit,black,40,female,472.jpg
472,Suit,black,40,female,473.jpg
473,Suit,black,40,female,474.jpg
474,Suit,black,50,male,475.jpg
475,Suit,black,50,male,476.jpg
476,Suit,black,50,male,477.jpg
477,Suit,black,50,female,478.jpg
478,Suit,black,50,female,479.jpg
479,Suit,black,50,female,480.jpg
480,Suit,white,10,male,481.jpg
481,Suit,white,10,male,482.jpg
482,Suit,white,10,male,483.jpg
483,Suit,white,10,female,484.jpg
484,Suit,white,10,female,485.jpg
485,Suit,white,10,female,486.jpg
486,Suit,white,20,male,487.jpg
487,Suit,white,20,male,488.jpg
488,Suit,white,20,male,489.jpg
489,Suit,white,20,female,490.jpg
490,Suit,white,20,female,491.jpg
491,Suit,white,20,female,492.jpg
492,Suit,white,30,male,493.jpg
493,Suit,white,30,male,494.jpg
494,Suit,white,30,male,495.jpg
495,Suit,white,30,female,496.jpg
496,Suit,white,30,female,497.jpg
497,Suit,white,30,female,498.jpg
498,Suit,white,40,male,499.jpg
499,Suit,white,40,male,500.jpg
500,Suit,white,40,male,501.jpg
501,Suit,white,40,female,502.jpg
502,Suit,white,40,female,503.jpg
503,Suit,white,40,female,504.jpg
504,Suit,white,50,male,505.jpg
505,Suit,white,50,male,506.jpg
506,Suit,white,50,male,507.jpg
507,Suit,white,50,female,508.jpg
508,Suit,white,50,female,509.jpg
509,Suit,white,50,female,510.jpg
510,Suit,blue,10,male,511.jpg
511,Suit,blue,10,male,512.jpg
512,Suit,blue,10,male,513.jpg
513,Suit,blue,10,female,514.jpg
514,Suit,blue,10,female,515.jpg
515,Suit,blue,10,female,516.jpg
516,Suit,blue,20,male,517.jpg
517,Suit,blue,20,male,518.jpg
518,Suit,blue,20,male,519.jpg
519,Suit,blue,20,female,520.jpg
520,Suit,blue,20,female,521.jpg
521,Suit,blue,20,female,522.jpg
522,Suit,blue,30,male,523.jpg
523,Suit,blue,30,male,524.jpg
524,Suit,blue,30,male,525.jpg
525,Suit,blue,30,female,526.jpg
526,Suit,blue,30,female,527.jpg
527,Suit,blue,30,female,528.jpg
528,Suit,blue,40,male,529.jpg
529,Suit,blue,40,male,530.jpg
530,Suit,blue,40,male,531.jpg
531,Suit,blue,40,female,532.jpg
532,Suit,blue,40,female,533.jpg
533,Suit,blue,40,female,534.jpg
534,Suit,blue,50,male,535.jpg
535,Suit,blue,50,male,536.jpg
536,Suit,blue,50,male,537.jpg
537,Suit,blue,50,female,538.jpg
538,Suit,blue,50,female,539.jpg
539,Suit,blue,50,female,540.jpg
540,Outerwear,yellow,10,male,541.jpg
541,Outerwear,yellow,10,male,542.jpg
542,Outerwear,yellow,10,male,543.jpg
543,Outerwear,yellow,10,female,544.jpg
544,Outerwear,yellow,10,female,545.jpg
545,Outerwear,yellow,10,female,546.jpg
546,Outerwear,yellow,20,male,547.jpg
547,Outerwear,yellow,20,male,548.jpg
548,Outerwear,yellow,20,male,549.jpg
549,Outerwear,yellow,20,female,550.jpg
550,Outerwear,yellow,20,female,551.jpg
551,Outerwear,yellow,20,female,552.jpg
552,Outerwear,yellow,30,male,553.jpg
553,Outerwear,yellow,30,male,554.jpg
554,Outerwear,yellow,30,male,555.jpg
555,Outerwear,yellow,30,female,556.jpg
556,Outerwear,yellow,30,female,557.jpg
557,Outerwear,yellow,30,female,558.jpg
558,Outerwear,yellow,40,male,559.jpg
559,Outerwear,yellow,40,male,560.jpg
560,Outerwear,yellow,40,male,561.jpg
561,Outerwear,yellow,40,female,562.jpg
562,Outerwear,yellow,40,female,563.jpg
563,Outerwear,yellow,40,female,564.jpg
564,Outerwear,yellow,50,male,565.jpg
565,Outerwear,yellow,50,male,566.jpg
566,Outerwear,yellow,50,male,567.jpg
567,Outerwear,yellow,50,female,568.jpg
568,Outerwear,yellow,50,female,569.jpg
569,Outerwear,yellow,50,female,570.jpg
570,Outerwear,red,10,male,571.jpg
571,Outerwear,red,10,male,572.jpg
572,Outerwear,red,10,male,573.jpg
573,Outerwear,red,10,female,574.jpg
574,Outerwear,red,10,female,575.jpg
575,Outerwear,red,10,female,576.jpg
576,Outerwear,red,20,male,577.jpg
577,Outerwear,red,20,male,578.jpg
578,Outerwear,red,20,male,579.jpg
579,Outerwear,red,20,female,580.jpg
580,Outerwear,red,20,female,581.jpg
581,Outerwear,red,20,female,582.jpg
582,Outerwear,red,30,male,583.jpg
583,Outerwear,red,30,male,584.jpg
584,Outerwear,red,30,male,585.jpg
585,Outerwear,red,30,female,586.jpg
586,Outerwear,red,30,female,587.jpg
587,Outerwear,red,30,female,588.jpg
588,Outerwear,red,40,male,589.jpg
589,Outerwear,red,40,male,590.jpg
590,Outerwear,red,40,male,591.jpg
591,Outerwear,red,40,female,592.jpg
592,Outerwear,red,40,female,593.jpg
593,Outerwear,red,40,female,594.jpg
594,Outerwear,red,50,male,595.jpg
595,Outerwear,red,50,male,596.jpg
596,Outerwear,red,50,male,597.jpg
597,Outerwear,red,50,female,598.jpg
598,Outerwear,red,50,female,599.jpg
599,Outerwear,red,50,female,600.jpg
600,Outerwear,green,10,male,601.jpg
601,Outerwear,green,10,male,602.jpg
602,Outerwear,green,10,male,603.jpg
603,Outerwear,green,10,female,604.jpg
604,Outerwear,green,10,female,605.jpg
605,Outerwear,green,10,female,606.jpg
606,Outerwear,green,20,male,607.jpg
607,Outerwear,green,20,male,608.jpg
608,Outerwear,green,20,male,609.jpg
609,Outerwear,green,20,female,610.jpg
610,Outerwear,green,20,female,611.jpg
611,Outerwear,green,20,female,612.jpg
612,Outerwear,green,30,male,613.jpg
613,Outerwear,green,30,male,614.jpg
614,Outerwear,green,30,male,615.jpg
615,Outerwear,green,30,female,616.jpg
616,Outerwear,green,30,female,617.jpg
617,Outerwear,green,30,female,618.jpg
618,Outerwear,green,40,male,619.jpg
619,Outerwear,green,40,male,620.jpg
620,Outerwear,green,40,male,621.jpg
621,Outerwear,green,40,female,622.jpg
622,Outerwear,green,40,female,623.jpg
623,Outerwear,green,40,female,624.jpg
624,Outerwear,green,50,male,625.jpg
625,Outerwear,green,50,male,626.jpg
626,Outerwear,green,50,male,627.jpg
627,Outerwear,green,50,female,628.jpg
628,Outerwear,green,50,female,629.jpg
629,Outerwear,green,50,female,630.jpg
630,Outerwear,black,10,male,631.jpg
631,Outerwear,black,10,male,632.jpg
632,Outerwear,black,10,male,633.jpg
633,Outerwear,black,10,female,634.jpg
634,Outerwear,black,10,female,635.jpg
635,Outerwear,black,10,female,636.jpg
636,Outerwear,black,20,male,637.jpg
637,Outerwear,black,20,male,638.jpg
638,Outerwear,black,20,male,639.jpg
639,Outerwear,black,20,female,640.jpg
640,Outerwear,black,20,female,641.jpg
641,Outerwear,black,20,female,642.jpg
642,Outerwear,black,30,male,643.jpg
643,Outerwear,black,30,male,644.jpg
644,Outerwear,black,30,male,645.jpg
645,Outerwear,black,30,female,646.jpg
646,Outerwear,black,30,female,647.jpg
647,Outerwear,black,30,female,648.jpg
648,Outerwear,black,40,male,649.jpg
649,Outerwear,black,40,male,650.jpg
650,Outerwear,black,40,male,651.jpg
651,Outerwear,black,40,female,652.jpg
652,Outerwear,black,40,female,653.jpg
653,Outerwear,black,40,female,654.jpg
654,Outerwear,black,50,male,655.jpg
655,Outerwear,black,50,male,656.jpg
656,Outerwear,black,50,male,657.jpg
657,Outerwear,black,50,female,658.jpg
658,Outerwear,black,50,female,659.jpg
659,Outerwear,black,50,female,660.jpg
660,Outerwear,white,10,male,661.jpg
661,Outerwear,white,10,male,662.jpg
662,Outerwear,white,10,male,663.jpg
663,Outerwear,white,10,female,664.jpg
664,Outerwear,white,10,female,665.jpg
665,Outerwear,white,10,female,666.jpg
666,Outerwear,white,20,male,667.jpg
667,Outerwear,white,20,male,668.jpg
668,Outerwear,white,20,male,669.jpg
669,Outerwear,white,20,female,670.jpg
670,Outerwear,white,20,female,671.jpg
671,Outerwear,white,20,female,672.jpg
672,Outerwear,white,30,male,673.jpg
673,Outerwear,white,30,male,674.jpg
674,Outerwear,white,30,male,675.jpg
675,Outerwear,white,30,female,676.jpg
676,Outerwear,white,30,female,677.jpg
677,Outerwear,white,30,female,678.jpg
678,Outerwear,white,40,male,679.jpg
679,Outerwear,white,40,male,680.jpg
680,Outerwear,white,40,male,681.jpg
681,Outerwear,white,40,female,682.jpg
682,Outerwear,white,40,female,683.jpg
683,Outerwear,white,40,female,684.jpg
684,Outerwear,white,50,male,685.jpg
685,Outerwear,white,50,male,686.jpg
686,Outerwear,white,50,male,687.jpg
687,Outerwear,white,50,female,688.jpg
688,Outerwear,white,50,female,689.jpg
689,Outerwear,white,50,female,690.jpg
690,Outerwear,blue,10,male,691.jpg
691,Outerwear,blue,10,male,692.jpg
692,Outerwear,blue,10,male,693.jpg
693,Outerwear,blue,10,female,694.jpg
694,Outerwear,blue,10,female,695.jpg
695,Outerwear,blue,10,female,696.jpg
696,Outerwear,blue,20,male,697.jpg
697,Outerwear,blue,20,male,698.jpg
698,Outerwear,blue,20,male,699.jpg
699,Outerwear,blue,20,female,700.jpg
700,Outerwear,blue,20,female,701.jpg
701,Outerwear,blue,20,female,702.jpg
702,Outerwear,blue,30,male,703.jpg
703,Outerwear,blue,30,male,704.jpg
704,Outerwear,blue,30,male,705.jpg
705,Outerwear,blue,30,female,706.jpg
706,Outerwear,blue,30,female,707.jpg
707,Outerwear,blue,30,female,708.jpg
708,Outerwear,blue,40,male,709.jpg
709,Outerwear,blue,40,male,710.jpg
710,Outerwear,blue,40,male,711.jpg
711,Outerwear,blue,40,female,712.jpg
712,Outerwear,blue,40,female,713.jpg
713,Outerwear,blue,40,female,714.jpg
714,Outerwear,blue,50,male,715.jpg
715,Outerwear,blue,50,male,716.jpg
716,Outerwear,blue,50,male,717.jpg
717,Outerwear,blue,50,female,718.jpg
718,Outerwear,blue,50,female,719.jpg
719,Outerwear,blue,50,female,720.jpg
720,Tank Top,yellow,10,male,721.jpg
721,Tank Top,yellow,10,male,722.jpg
722,Tank Top,yellow,10,male,723.jpg
723,Tank Top,yellow,10,female,724.jpg
724,Tank Top,yellow,10,female,725.jpg
725,Tank Top,yellow,10,female,726.jpg
726,Tank Top,yellow,20,male,727.jpg
727,Tank Top,yellow,20,male,728.jpg
728,Tank Top,yellow,20,male,729.jpg
729,Tank Top,yellow,20,female,730.jpg
730,Tank Top,yellow,20,female,731.jpg
731,Tank Top,yellow,20,female,732.jpg
732,Tank Top,yellow,30,male,733.jpg
733,Tank Top,yellow,30,male,734.jpg
734,Tank Top,yellow,30,male,735.jpg
735,Tank Top,yellow,30,female,736.jpg
736,Tank Top,yellow,30,female,737.jpg
737,Tank Top,yellow,30,female,738.jpg
738,Tank Top,yellow,40,male,739.jpg
739,Tank Top,yellow,40,male,740.jpg
740,Tank Top,yellow,40,male,741.jpg
741,Tank Top,yellow,40,female,742.jpg
742,Tank Top,yellow,40,female,743.jpg
743,Tank Top,yellow,40,female,744.jpg
744,Tank Top,yellow,50,male,745.jpg
745,Tank Top,yellow,50,male,746.jpg
746,Tank Top,yellow,50,male,747.jpg
747,Tank Top,yellow,50,female,748.jpg
748,Tank Top,yellow,50,female,749.jpg
749,Tank Top,yellow,50,female,750.jpg
750,Tank Top,red,10,male,751.jpg
751,Tank Top,red,10,male,752.jpg
752,Tank Top,red,10,male,753.jpg
753,Tank Top,red,10,female,754.jpg
754,Tank Top,red,10,female,755.jpg
755,Tank Top,red,10,female,756.jpg
756,Tank Top,red,20,male,757.jpg
757,Tank Top,red,20,male,758.jpg
758,Tank Top,red,20,male,759.jpg
759,Tank Top,red,20,female,760.jpg
760,Tank Top,red,20,female,761.jpg
761,Tank Top,red,20,female,762.jpg
762,Tank Top,red,30,male,763.jpg
763,Tank Top,red,30,male,764.jpg
764,Tank Top,red,30,male,765.jpg
765,Tank Top,red,30,female,766.jpg
766,Tank Top,red,30,female,767.jpg
767,Tank Top,red,30,female,768.jpg
768,Tank Top,red,40,male,769.jpg
769,Tank Top,red,40,male,770.jpg
770,Tank Top,red,40,male,771.jpg
771,Tank Top,red,40,female,772.jpg
772,Tank Top,red,40,female,773.jpg
773,Tank Top,red,40,female,774.jpg
774,Tank Top,red,50,male,775.jpg
775,Tank Top,red,50,male,776.jpg
776,Tank Top,red,50,male,777.jpg
777,Tank Top,red,50,female,778.jpg
778,Tank Top,red,50,female,779.jpg
779,Tank Top,red,50,female,780.jpg
780,Tank Top,green,10,male,781.jpg
781,Tank Top,green,10,male,782.jpg
782,Tank Top,green,10,male,783.jpg
783,Tank Top,green,10,female,784.jpg
784,Tank Top,green,10,female,785.jpg
785,Tank Top,green,10,female,786.jpg
786,Tank Top,green,20,male,787.jpg
787,Tank Top,green,20,male,788.jpg
788,Tank Top,green,20,male,789.jpg
789,Tank Top,green,20,female,790.jpg
790,Tank Top,green,20,female,791.jpg
791,Tank Top,green,20,female,792.jpg
792,Tank Top,green,30,male,793.jpg
793,Tank Top,green,30,male,794.jpg
794,Tank Top,green,30,male,795.jpg
795,Tank Top,green,30,female,796.jpg
796,Tank Top,green,30,female,797.jpg
797,Tank Top,green,30,female,798.jpg
798,Tank Top,green,40,male,799.jpg
799,Tank Top,green,40,male,800.jpg
800,Tank Top,green,40,male,801.jpg
801,Tank Top,green,40,female,802.jpg
802,Tank Top,green,40,female,803.jpg
803,Tank Top,green,40,female,804.jpg
804,Tank Top,green,50,male,805.jpg
805,Tank Top,green,50,male,806.jpg
806,Tank Top,green,50,male,807.jpg
807,Tank Top,green,50,female,808.jpg
808,Tank Top,green,50,female,809.jpg
809,Tank Top,green,50,female,810.jpg
810,Tank Top,black,10,male,811.jpg
811,Tank Top,black,10,male,812.jpg
812,Tank Top,black,10,male,813.jpg
813,Tank Top,black,10,female,814.jpg
814,Tank Top,black,10,female,815.jpg
815,Tank Top,black,10,female,816.jpg
816,Tank Top,black,20,male,817.jpg
817,Tank Top,black,20,male,818.jpg
818,Tank Top,black,20,male,819.jpg
819,Tank Top,black,20,female,820.jpg
820,Tank Top,black,20,female,821.jpg
821,Tank Top,black,20,female,822.jpg
822,Tank Top,black,30,male,823.jpg
823,Tank Top,black,30,male,824.jpg
824,Tank Top,black,30,male,825.jpg
825,Tank Top,black,30,female,826.jpg
826,Tank Top,black,30,female,827.jpg
827,Tank Top,black,30,female,828.jpg
828,Tank Top,black,40,male,829.jpg
829,Tank Top,black,40,male,830.jpg
830,Tank Top,black,40,male,831.jpg
831,Tank Top,black,40,female,832.jpg
832,Tank Top,black,40,female,833.jpg
833,Tank Top,black,40,female,834.jpg
834,Tank Top,black,50,male,835.jpg
835,Tank Top,black,50,male,836.jpg
836,Tank Top,black,50,male,837.jpg
837,Tank Top,black,50,female,838.jpg
838,Tank Top,black,50,female,839.jpg
839,Tank Top,black,50,female,840.jpg
840,Tank Top,white,10,male,841.jpg
841,Tank Top,white,10,male,842.jpg
842,Tank Top,white,10,male,843.jpg
843,Tank Top,white,10,female,844.jpg
844,Tank Top,white,10,female,845.jpg
845,Tank Top,white,10,female,846.jpg
846,Tank Top,white,20,male,847.jpg
847,Tank Top,white,20,male,848.jpg
848,Tank Top,white,20,male,849.jpg
849,Tank Top,white,20,female,850.jpg
850,Tank Top,white,20,female,851.jpg
851,Tank Top,white,20,female,852.jpg
852,Tank Top,white,30,male,853.jpg
853,Tank Top,white,30,male,854.jpg
854,Tank Top,white,30,male,855.jpg
855,Tank Top,white,30,female,856.jpg
856,Tank Top,white,30,female,857.jpg
857,Tank Top,white,30,female,858.jpg
858,Tank Top,white,40,male,859.jpg
859,Tank Top,white,40,male,860.jpg
860,Tank Top,white,40,male,861.jpg
861,Tank Top,white,40,female,862.jpg
862,Tank Top,white,40,female,863.jpg
863,Tank Top,white,40,female,864.jpg
864,Tank Top,white,50,male,865.jpg
865,Tank Top,white,50,male,866.jpg
866,Tank Top,white,50,male,867.jpg
867,Tank Top,white,50,female,868.jpg
868,Tank Top,white,50,female,869.jpg
869,Tank Top,white,50,female,870.jpg
870,Tank Top,blue,10,male,871.jpg
871,Tank Top,blue,10,male,872.jpg
872,Tank Top,blue,10,male,873.jpg
873,Tank Top,blue,10,female,874.jpg
874,Tank Top,blue,10,female,875.jpg
875,Tank Top,blue,10,female,876.jpg
876,Tank Top,blue,20,male,877.jpg
877,Tank Top,blue,20,male,878.jpg
878,Tank Top,blue,20,male,879.jpg
879,Tank Top,blue,20,female,880.jpg
880,Tank Top,blue,20,female,881.jpg
881,Tank Top,blue,20,female,882.jpg
882,Tank Top,blue,30,male,883.jpg
883,Tank Top,blue,30,male,884.jpg
884,Tank Top,blue,30,male,885.jpg
885,Tank Top,blue,30,female,886.jpg
886,Tank Top,blue,30,female,887.jpg
887,Tank Top,blue,30,female,888.jpg
888,Tank Top,blue,40,male,889.jpg
889,Tank Top,blue,40,male,890.jpg
890,Tank Top,blue,40,male,891.jpg
891,Tank Top,blue,40,female,892.jpg
892,Tank Top,blue,40,female,893.jpg
893,Tank Top,blue,40,female,894.jpg
894,Tank Top,blue,50,male,895.jpg
895,Tank Top,blue,50,male,896.jpg
896,Tank Top,blue,50,male,897.jpg
897,Tank Top,blue,50,female,898.jpg
898,Tank Top,blue,50,female,899.jpg
899,Tank Top,blue,50,female,900.jpg
